{
  "dl_demand": {
    "task": "DL_Passenger_Demand",
    "rmse": 0.25624727952306137,
    "mae": 0.18573975041717916,
    "mse": 0.06566266826296996,
    "r2": 0.8729700340196926,
    "mape": 137.94226378221146,
    "max_error": 1.5622038332859645,
    "samples": 1000
  },
  "dl_load": {
    "task": "DL_Load_Factor",
    "rmse": 0.22154144516831084,
    "mae": 0.16368767039392212,
    "mse": 0.04908061192726368,
    "r2": 0.9058017950050027,
    "mape": 78.12959198783331,
    "max_error": 1.190930760151351,
    "samples": 1000
  },
  "dl_utilization": {
    "task": "DL_Utilization",
    "accuracy": 0.959,
    "precision": 0.9765240963855422,
    "recall": 0.959,
    "f1_score": 0.9645889271936305,
    "samples": 1000
  },
  "ml_demand": {
    "task": "ML_Passenger_Demand",
    "rmse": 0.024197953140576052,
    "mae": 0.010757097191838405,
    "mse": 0.0005855409361935145,
    "r2": 0.9988672217079749,
    "mape": 3.7055939193311476,
    "max_error": 0.16067455072389514,
    "samples": 1000
  },
  "ml_load": {
    "task": "ML_Load_Factor",
    "rmse": 0.03059795502359866,
    "mae": 0.007882205358074428,
    "mse": 0.0009362348516261665,
    "r2": 0.9982031266723479,
    "mape": 1.2599144702722351,
    "max_error": 0.48299613160567123,
    "samples": 1000
  },
  "ml_utilization": {
    "task": "ML_Utilization",
    "accuracy": 1.0,
    "precision": 1.0,
    "recall": 1.0,
    "f1_score": 1.0,
    "samples": 1000
  }
}