{
    "passenger_demand": {
        "rmse": 0.014089067496356604,
        "mae": 0.006823140954576771,
        "r2": 0.9997990947614788,
        "mape": 2.5798874469374113
    },
    "load_factor": {
        "rmse": 0.015193069128058597,
        "mae": 0.005423502999058705,
        "r2": 0.9997661574375721,
        "mape": 2.3461670791835516
    },
    "utilization_status": {
        "accuracy": 0.9985740923549413,
        "report": {
            "0": {
                "precision": 0.99930151338766,
                "recall": 0.999883517763541,
                "f1-score": 0.9995924308588063,
                "support": 8585.0
            },
            "1": {
                "precision": 0.9842931937172775,
                "recall": 0.9817232375979112,
                "f1-score": 0.9830065359477125,
                "support": 383.0
            },
            "2": {
                "precision": 0.993103448275862,
                "recall": 0.9664429530201343,
                "f1-score": 0.9795918367346937,
                "support": 149.0
            },
            "accuracy": 0.9985740923549413,
            "macro avg": {
                "precision": 0.9922327184602665,
                "recall": 0.9826832361271954,
                "f1-score": 0.9873969345137374,
                "support": 9117.0
            },
            "weighted avg": {
                "precision": 0.998569726820213,
                "recall": 0.9985740923549413,
                "f1-score": 0.9985687952028404,
                "support": 9117.0
            }
        }
    }
}