{
  "passenger_demand": {
    "rmse": 0.01080373961702805,
    "mae": 0.005293530767599821,
    "r2": 0.999881865981113
  },
  "load_factor": {
    "rmse": 0.009942500633182744,
    "mae": 0.004536832562676232,
    "r2": 0.9998998562642519
  },
  "utilization_status": {
    "accuracy": 0.9985740923549413
  }
}